comment_id,user_id,username,text,created_at,likes,category,shortcode,split,sentiment_label_rater1
1.7849651689502116e+16,4344220420,heyam1na,@_nvzs_ probs,2019-07-22 8:08:19,0,human,Bz8vBRcgdvo,train,neutral
1.791626951531527e+16,5579511699,jesus_agripino48,Like if you love iPhones and samsung,2019-07-17 2:22:53,0,human,Bz8vBRcgdvo,train,positive
1.8050119555151612e+16,5794138119,jason_uguna78,Samsung is trash nobody wants that shit,2019-07-15 22:51:59,1,human,Bz8vBRcgdvo,train,negative
1.8085216654020944e+16,2966935294,austin_florence16,"""Come get your Birthday present"" doesn't she kinda look like her.",2019-07-16 0:05:52,0,ai,Bz8uJMgHlHG,train,neutral
1.808609552503425e+16,2237682715,ashley._mendez_,@shanedawson,2019-07-21 13:26:23,0,ai,Bz8uJMgHlHG,train,neutral
1.7876771875398142e+16,2963004691,andrijaakostic,Huawei better,2019-07-15 20:12:05,0,human,Bz8vBRcgdvo,train,negative
1.8066406951119924e+16,1192540609,gamefiend127,Nice #ad cant wait to mark out when I see this on my TV screen.,2019-07-16 1:14:55,0,human,Bz8vBRcgdvo,train,positive
1.8056182822193424e+16,14073498205,alistair_fordo_18,@marco_castiglione___ why not weirdo,2019-07-26 22:12:12,0,human,Bz8vBRcgdvo,train,neutral
1.7972468176275252e+16,426339720,james.briley,Can you ask them to fix the error where s10 users aren't able to redeem their ikonik skins please @ninja @samsungmobile @samsungus @samsungmobileusa,2019-07-16 9:30:56,0,human,Bz8vBRcgdvo,train,negative
1.79812034682654e+16,7657789163,secondball2016,.,2019-07-15 22:21:23,0,human,Bz8vBRcgdvo,train,neutral
1.7894464909359724e+16,6073248597,0utmind_,😄🔥,2019-07-16 8:13:04,0,human,Bz8vBRcgdvo,train,positive
1.7842742479530894e+16,7035782620,sebasttian.t,@mp.b.4432 which phone? S10+?,2019-07-15 20:12:44,2,human,Bz8vBRcgdvo,train,positive
1.7868471592427018e+16,18265496,soto.sosa,My queeeeeen!!!!! Ily 🌸,2019-07-15 20:22:51,12,ai,Bz8uJMgHlHG,train,positive
1.810402617701833e+16,2919425772,echiquiss,Es @mcelestia ?,2019-10-03 15:32:23,0,ai,Bz8uJMgHlHG,train,neutral
1.800646521423746e+16,16201070656,oldceleb,FOLLOW ME GUYSSSSSSSSSSSSSSSSSS🔥,2019-07-16 2:47:13,0,human,Bz8vBRcgdvo,train,neutral
1.7855551174468362e+16,6190069438,pupgawd,lil miquela says robot rights !,2019-07-22 12:55:05,1,ai,Bz8uJMgHlHG,train,positive
1.805649556318897e+16,3171651695,ahmedshafii1,Yo wtf if ninja is partnerd with samsung how is he giving away iphones,2019-07-25 10:10:46,0,human,Bz8vBRcgdvo,train,negative
1.805147112118256e+16,3089598226,lilmiquela,@millstersclub She's the best ✨,2019-07-16 19:16:24,0,ai,Bz8uJMgHlHG,train,positive
1.7856103783473624e+16,16603074756,lol_donte16,😂🙌,2019-07-20 6:26:30,0,human,Bz8vBRcgdvo,train,positive
1.805631976008149e+16,4209456823,tribename,Yesss I’m ready for your offspring let’s conceive!,2019-07-17 2:29:15,0,hybrid,B0AEfrCAvqh,train,positive
1.7866103386428696e+16,4320390330,henry.kelly23,@unshodmuffin_990yt dayyumm,2019-07-16 1:45:12,0,human,Bz8vBRcgdvo,train,positive
1.8067080838107676e+16,14196588951,qu__10k,1v1,2019-07-17 23:03:56,0,human,Bz8vBRcgdvo,train,neutral
1.8084606817052784e+16,16822794460,hama__rawand,Please subscribe.  https://www.youtube.com/channel/UC7myb88OzUoblCciS0B0lTw,2019-07-19 20:37:14,1,hybrid,B0AEfrCAvqh,train,neutral
1.8016494265210856e+16,5533079449,splashofhash,@sl4ught3er B-,2019-07-15 21:27:45,1,human,Bz8vBRcgdvo,train,neutral
1.7859869791450116e+16,5463066798,vandyaaaay,@tejas_gangarde,2019-07-16 5:26:16,2,human,Bz8vBRcgdvo,train,neutral
1.8051987340192012e+16,2948575251,caitlin_e.v.b,@sl4ught3er stfu,2019-07-16 10:40:50,0,human,Bz8vBRcgdvo,train,neutral
1.8055513141142916e+16,2106581540,sergeabiaad,We are galacy team at fortnite,2019-07-15 21:34:50,0,human,Bz8vBRcgdvo,train,positive
1.7881802107559504e+16,29094038000,millliebobbyown,I love millie bobby brown !!! ♥️♥️♥️😍😍,2020-03-27 15:52:59,1,hybrid,Bz_0ntPnsyt,train,positive
1.7850247840553658e+16,11557451827,dakoda_goddard,#TeamGalaxy,2019-08-21 2:22:44,0,human,Bz8vBRcgdvo,train,positive
1.7855069593476662e+16,13543584873,lira_issa,@adambury_ how bad are you then😂😂,2019-07-16 0:03:34,0,human,Bz8vBRcgdvo,train,positive
1.7990282827246992e+16,6211874068,pam3l0six,#TeamiPhone,2019-07-17 18:54:10,0,human,Bz8vBRcgdvo,train,negative
1.7948073673290232e+16,7556455699,x0neilreposts,You never respond 😕,2019-07-16 5:38:24,0,human,Bz8vBRcgdvo,train,negative
1.8049008355152116e+16,7124808168,parkerlnash,"▬▬▬.◙.▬▬▬
═▂▄▄▓▄▄▂ ◢◤ █▀▀████▄▄▄▄◢◤ █▄ █ █▄ ███▀▀▀▀▀▀▀╬ ◥█████◤
══╩══╩═
╬═╬
╬═╬
╬═╬
╬═╬ ╬═╬ just dropped down to say
╬═╬ ╬═╬ You hella gay
╬═╬☻/ ╬═╬/▌ ╬═╬/ \",2019-07-17 2:53:03,0,hybrid,B0AEfrCAvqh,train,negative
1.7866447174431448e+16,2960607509,cuhncieted,W,2019-07-15 20:43:56,0,human,Bz8vBRcgdvo,train,neutral
1.7861553643453274e+16,491800881,tukasera,Love u,2019-07-16 19:10:40,0,ai,Bz8uJMgHlHG,train,positive
1.786716970044754e+16,2054709359,diegoconchag,@juanoroaa,2019-08-09 19:06:46,0,hybrid,Bz_0ntPnsyt,train,neutral
1.8080684014068156e+16,6032061555,o_h_m.98,💕😂😂,2019-07-15 22:27:25,0,human,Bz8vBRcgdvo,train,positive
1.7924794876305448e+16,16268732438,rainbow6siegeclips0,You are not a problem game are you play Fortnite I mean gaynight,2019-07-15 19:35:41,0,human,Bz8vBRcgdvo,train,negative
1.7989647157247184e+16,4588989487,jordan.anthony.h,@xo.jo_se_ph.ox oh boy a brain dead iPhone fanboy,2019-07-17 4:10:45,7,hybrid,B0AEfrCAvqh,train,negative
1.7916547993309216e+16,13451428321,aideng740,@fortgiver STOP COMMENTING ON ALL OF THESE. PLEASE.,2019-07-15 22:09:28,0,human,Bz8vBRcgdvo,train,negative
1.8066478741105556e+16,11168592661,mati21i_lifts,❤,2019-07-18 12:31:35,1,hybrid,B0AEfrCAvqh,train,positive
1.790600347933423e+16,1689096834,dr_r.h.i,@appleisgarbage i have an iphone xs max,2019-07-25 20:00:00,0,human,Bz8vBRcgdvo,train,negative
1.807936311106473e+16,8391469169,itsactuallytenzing,Tyler Blevin,2019-07-15 19:24:23,1,human,Bz8vBRcgdvo,train,neutral
1.7847983983503824e+16,8224287295,kangelaadrien,@dailyfacepalms 😂😂😂😂😂dont be stupid,2019-07-15 21:48:45,0,human,Bz8vBRcgdvo,train,negative
1.7917336726313524e+16,5447530453,lamplover92,@okaami.fn i dont even need to checm but you play fortnite so you gay,2019-07-21 0:38:50,0,human,Bz85E6Lj5UY,train,negative
1.805259733613157e+16,7290393533,a.shtonspriv,@sl4ught3er no trash,2019-07-16 9:06:42,0,human,Bz8vBRcgdvo,train,negative
1.806092258212099e+16,30660952,acemannw,Cool af,2019-07-16 3:43:53,0,human,Bz8vBRcgdvo,train,positive
1.7948122969293688e+16,10353226501,tk_bxne,"Yo dropped a new banger , please show some love it took me a while to make ♥️👀🐐📈",2019-07-15 20:33:00,0,human,Bz8vBRcgdvo,train,positive
1.787772705139718e+16,959828004,robert_noury55,@shanedawson,2019-07-19 22:48:48,0,ai,Bz8uJMgHlHG,train,neutral
1.7987985184251724e+16,2317183170,iamzixx,Everybody talkin bout how iphone is great. Bitch where the fuck are your this year phones (iphone 11),2019-07-15 21:52:14,0,human,Bz8vBRcgdvo,train,negative
1.801783862521205e+16,9132385761,dannybar0,@_heriionfather_ and by looking and your bio i can already tell your a weeb,2019-07-23 16:53:40,0,hybrid,B0AEfrCAvqh,train,negative
1.7916605212315056e+16,3539273107,sgnn0,I already bought it 🙂,2019-07-17 16:33:25,1,hybrid,B0AEfrCAvqh,train,positive
1.804089520619645e+16,1305150213,zalimasetti,@tuffdaddee what,2019-07-23 15:19:55,1,ai,Bz8uJMgHlHG,train,neutral
1.801865747820629e+16,11680274605,ameen.jreh,@drew_2_4 look my bruh i own a Galaxy S9+ so what if android is gay then im gay 😂😂😂,2019-07-16 15:03:35,0,human,Bz8vBRcgdvo,train,positive
1.8051244360180704e+16,2760714090,ilyasait06,"Tfue is the beast, nah ninja is the best",2019-07-18 8:27:55,0,hybrid,B0AEfrCAvqh,train,positive
1.7848246303511824e+16,3585554236,timothy_coleman_,Omg hey heyyyyy you look breath taking. Also your now my favorite celebrity,2019-07-19 0:26:39,1,hybrid,Bz_0ntPnsyt,train,positive
1.8006248992236932e+16,2213286763,allstar_.n,I got the galaxy 10 selling the ikonic skin,2019-07-20 0:27:18,1,hybrid,B0AEfrCAvqh,train,positive
1.7855090944475772e+16,3764707017,kenanmke.low,Bet he has an iPhone 10 😂,2019-07-17 2:59:33,0,human,Bz8vBRcgdvo,train,negative
1.7913180547321312e+16,5873986401,chris_f_71,@uchiha_time its all about your personal use. I mean if you dont like just sell it and get one that you actually like 😉🙃,2019-07-16 8:26:51,0,human,Bz8vBRcgdvo,train,positive
1.7850123328499844e+16,9633347123,not_garrett_young_,"Ninja: *has galaxy sponsorship*
Random people in the comments:
*Has arguments over Ninjas success*",2019-07-17 2:05:27,0,human,Bz8vBRcgdvo,train,neutral
1.806122432512081e+16,16648600393,mp.rust,I think I’m gonna get back into fortnite,2019-07-17 6:24:47,0,hybrid,B0AEfrCAvqh,train,neutral
1.7906104132328302e+16,11048967629,imhnd46,💛,2019-07-17 2:43:34,0,hybrid,B0AEfrCAvqh,train,positive
1.798898656625338e+16,9166994252,xlz0o,احبك كمعجب يعني❤️,2019-07-18 19:14:34,1,hybrid,B0AEfrCAvqh,train,positive
1.786712251343785e+16,3102716454,k4ybrat,i don’t know if she’s a human or no,2019-07-21 23:43:40,3,ai,Bz8uJMgHlHG,train,neutral
1.809114158206177e+16,193201225,djnyk,🙌,2019-07-15 22:02:23,12,human,Bz85E6Lj5UY,train,positive
1.7906395456336148e+16,3628396339,taffitaa,#teamnokia,2019-07-17 2:30:12,0,hybrid,B0AEfrCAvqh,train,positive
1.788289828638734e+16,1594706305,matthew_deljuicebox,Fuck you,2019-07-22 3:52:50,0,hybrid,B0AEfrCAvqh,train,negative
1.806706067209911e+16,3472657661,hblaise_,Have you met Millie Bobby Brown,2019-07-18 23:49:42,1,hybrid,B0AEfrCAvqh,train,positive
1.794978150129192e+16,11525742032,memes_de_weyes_,@000lindy_dove000 I'ma make this into a meme 😂 IF YOU SEE MY COMMENT THEN GO CHECK THE MEME 🤠,2019-07-22 21:29:52,2,ai,Bz8uJMgHlHG,train,neutral
1.8051940897177584e+16,14926766278,irem10901,لا تدخل ستوري 🔥💋🔞👅,2019-07-22 0:18:56,1,hybrid,B0AEfrCAvqh,train,positive
1.7963248726283596e+16,1237704026,exotic.haze,"@rg6j 👌😂
#TeamIphoneBitch 😂",2019-07-16 16:23:07,0,human,Bz8vBRcgdvo,train,negative
1.7917734700310156e+16,8423971225,jakey_.34,@storiedtitan137,2019-07-18 3:43:12,1,hybrid,B0AEfrCAvqh,train,neutral
1.7964005245284052e+16,8395481727,buy_buy_buy_57,Samsung sucks,2019-07-17 15:21:59,0,hybrid,B0AEfrCAvqh,train,negative
1.7851201639494118e+16,3452848293,everychxn,"Гелекси с10, говно",2019-07-21 13:18:42,1,hybrid,B0AEfrCAvqh,train,neutral
1.8046136590166516e+16,6756576093,gmto.eli,I’m a 14yr old rapper from Staten Island plz check out my new song and like and comment if it’s trash or nah,2019-07-15 19:24:31,0,human,Bz8vBRcgdvo,train,neutral
1.7887402744374404e+16,317410413,erezshahaf,"@ascenygear lol, that was a funny comment",2019-07-15 19:31:03,0,human,Bz8vBRcgdvo,train,positive
1.8006872893224288e+16,13206258172,pein._x,Uwu,2019-07-17 2:34:01,0,hybrid,B0AEfrCAvqh,train,neutral
1.7843362510542458e+16,499460601,featuringcm,Is my last post dope? Be brutally honest 😎,2019-07-21 17:50:01,2,human,Bz85E6Lj5UY,train,neutral
1.80838565800498e+16,8016104666,trevinpalmer,@ninja bet you won’t respond to this comment.,2019-07-15 20:00:44,0,human,Bz8vBRcgdvo,train,neutral
1.808470050703849e+16,11610085107,thestump57,@area51file y’all niggas going to get shot and if you do get through all they have to do is blow it up and all of y’all are dead,2019-07-16 1:03:29,0,human,Bz8vBRcgdvo,train,negative
1.7916199003313788e+16,38476238,leolabastida,@ninja what phone do currently use? What kind of phone did you used before?,2019-07-15 21:39:00,0,human,Bz8vBRcgdvo,train,neutral
1.790284383133854e+16,4534986745,riley_c1324,I beleive it did,2019-07-15 20:50:16,0,human,Bz8vBRcgdvo,train,positive
1.7843289763529512e+16,10082025518,rxh.yy,@_garyk8 name one reason,2019-07-17 23:15:10,1,human,Bz8vBRcgdvo,train,negative
1.784248808853714e+16,4588989487,jordan.anthony.h,"@xhavier.209 ok your retarded iPhone has only been able to handle 720p since 2009 lol while Samsung has 720p60,1080p,1080p60 and 4k further more there is no samsung that loses to an iPhone except the s5 it's been tested lmao iPhone is ass",2019-07-17 19:24:51,0,human,Bz8vBRcgdvo,train,positive
1.789285189936408e+16,2253072704,george_reppas,Fortnite guy,2019-07-15 21:48:59,0,human,Bz8vBRcgdvo,train,neutral
1.8056327359080676e+16,5577919390,reviside,Very cool ninjafue,2019-07-16 5:17:56,0,human,Bz8vBRcgdvo,train,positive
1.7872192579414512e+16,17198051,mattnobz,"@d_koh07 lol mateeeeee, when are you getting a iPhone",2019-07-15 23:37:56,0,human,Bz8vBRcgdvo,train,negative
1.7881116886377612e+16,14328693904,ajonathansalazaralvarado,#teamgalaxy,2019-07-22 3:38:30,1,hybrid,B0AEfrCAvqh,train,positive
1.79058612463336e+16,8042013581,glennyboygb,🔥🔥🔥🔥🔥🔥🔥🔥🔥🔥,2019-07-15 19:29:30,0,human,Bz8vBRcgdvo,train,positive
1.7879267179397604e+16,6091827798,osua4president,@cadexbl that is the biggest problem on the earth,2019-07-25 18:14:48,1,human,Bz8vBRcgdvo,train,negative
1.796353072928223e+16,4762767480,patrick__pl__,What are yous saying Nokia is better it can survive a tsunami 🤣,2019-07-17 1:01:50,0,human,Bz8vBRcgdvo,train,positive
1.786177158144647e+16,14049084654,edmbuzzed,Use me as the team iPhone button,2019-07-16 18:50:50,2,hybrid,Bz_Pv5_j4ZH,train,negative
1.7861287516452328e+16,2251925683,sam.castellano.22,Getting rich playing video games wasnt easy ? Lol,2019-07-16 15:08:01,0,human,Bz8vBRcgdvo,train,negative
1.790790525133356e+16,1587148476,yousif__michael,@ryleighnewman no it is not,2019-07-25 17:25:50,0,human,Bz8vBRcgdvo,train,negative
1.7848621954515e+16,7560801856,christiangt95,you got hacked @ninja ...,2019-07-25 8:02:33,0,human,Bz8vBRcgdvo,train,negative
1.8087614920013908e+16,6466245480,atahehsnisay,y’all know the man prolly got an iphone on tha side,2019-07-23 22:09:35,1,hybrid,B0AEfrCAvqh,train,negative
1.7900546716346064e+16,8060715247,iex.t,wat😶,2019-07-17 2:48:22,0,hybrid,B0AEfrCAvqh,train,negative
1.7883583414377298e+16,6705031409,isaac.w24,@cdn_shadow actually apples sales are lower than samsung soo,2019-07-24 19:13:49,0,hybrid,B0AEfrCAvqh,train,positive
1.8019805734205908e+16,2016731223,papi.cliff,Am I the only one to notice the Down With Webster beat?? (Down With Webster - Your Man),2019-07-16 10:20:56,0,human,Bz8vBRcgdvo,train,neutral
1.806758405810999e+16,8307852852,gabi.h.rose,I really hope Shane saw this 😂,2019-07-20 23:39:12,0,ai,Bz8uJMgHlHG,train,positive
1.7870848141424564e+16,5485156729,econnect.ca,@fortworldnews,2019-07-20 8:40:16,1,hybrid,B0AEfrCAvqh,train,neutral
1.805612854913746e+16,13549058981,meaty.boii,THE FUCK YOU SAID TO ME YOU LITTLE SHIT!!!!,2019-07-16 6:14:50,0,human,Bz8vBRcgdvo,train,negative
1.7889588997370444e+16,1459339791,thegh0stvoid,@shanedawson 👌👌👌👌👌💯💯💯💯💯💯🔥🔥🔥🔥🔥🔥🔥🔥,2019-07-15 21:24:27,0,ai,Bz8uJMgHlHG,train,positive
1.8006972349231876e+16,368436889,lenny.brenner,tuff,2019-07-15 19:25:21,0,human,Bz8vBRcgdvo,train,positive
1.7848084465507556e+16,2869543836,enes_bysl_,@paytoncxle good,2019-07-15 21:22:40,1,human,Bz8vBRcgdvo,train,positive
1.7907480085327764e+16,7212940712,quentin.bomble,#teamiphone,2019-07-22 7:36:42,0,human,Bz8vBRcgdvo,train,negative
1.807697548915848e+16,1770748057,elri0t,is the song your man by down with webster or what,2019-12-05 1:01:13,1,hybrid,Bz_0ntPnsyt,train,neutral
1.811778614210831e+16,31618008831,softi_boba,Even u are a rovot WE STILL LOVE U 😭😔❤️,2020-05-06 4:13:52,3,ai,Bz8uJMgHlHG,train,positive
1.784203363053382e+16,10250848034,hanna01312_,#TeamGalaxy,2019-07-15 20:12:34,0,human,Bz8vBRcgdvo,train,positive
1.7866877500433268e+16,1708875401,pouriya.az,@solmazrd @fafaarka @fatemeh_sp @zara_shadkam @ali92slr 😎🙌😊,2019-07-16 20:19:49,2,ai,Bz8uJMgHlHG,train,positive
1.7989252603250744e+16,11206362154,mackl3r0y,Detroit: Become Human,2019-07-22 18:11:06,0,ai,Bz8uJMgHlHG,train,neutral
1.7988344152257692e+16,8459618781,xmichaellewis,UMMM...HELP. I'm concerned 😳,2019-07-22 2:53:56,0,ai,Bz8uJMgHlHG,train,negative
1.8084538462039508e+16,3910573017,antyflo,@danny592085 lmao kid no got it from @sprint brand new out the box 😂i got it for him i dont buy fake shit,2019-07-15 20:10:26,0,human,Bz8vBRcgdvo,train,positive
1.7893992160382744e+16,4167351580,jayden.silvaa,@shaquanjames47 I just looked at ninjas Twitter and he tweets constantly from an iPhone🤷‍♂️,2019-09-23 2:35:08,0,hybrid,B0AEfrCAvqh,train,negative
1.808262357400089e+16,9772362518,itzshon_2,You’re unstoppable 🔥🔥🔥,2019-07-15 19:56:41,2,ai,Bz8uJMgHlHG,train,positive
1.806851965910001e+16,3779732190,junimiz,The deviants are doing good I see,2019-07-22 0:34:57,1,ai,Bz8uJMgHlHG,train,positive
1.8006373390238412e+16,14533541094,jmagpayoo,Follow me pls! Road to 50 followers thank you! 😄❤,2019-07-16 13:20:47,0,human,Bz8vBRcgdvo,train,neutral
1.7859062929467812e+16,5941266863,paranormallyy,Like this if you think ninja should partner up wit droid 😂,2019-07-26 3:19:03,0,human,Bz8vBRcgdvo,train,positive
1.798278063426996e+16,3964694303,fer_ancisc0_fll,@shanedawson,2019-07-22 3:16:38,0,ai,Bz8uJMgHlHG,train,neutral
1.7987570794261316e+16,7938915206,4cih,1v1,2019-07-17 2:29:57,0,hybrid,B0AEfrCAvqh,train,neutral
1.8051833719193292e+16,4303130691,pocatoriii,gw kira cewe anjir,2019-07-18 17:49:37,0,hybrid,Bz_0ntPnsyt,train,neutral
1.7898673285346474e+16,9055100006,takeover_shadow,"@misterzexxy It works super well for me, and no wonder they’re the richest company in the world 😂",2019-07-17 11:42:07,1,hybrid,B0AEfrCAvqh,train,positive
1.7972809882272448e+16,417594455,_moneyblue_,Still not buying it 😂,2019-07-15 19:27:07,0,human,Bz8vBRcgdvo,train,negative
1.8085257313052644e+16,10460187801,itzjus_caleb,Do what I cant!!?? 😮,2019-07-26 3:05:49,0,human,Bz8vBRcgdvo,train,negative
1.7875844440410068e+16,5619316469,dixoncider.mp4,@amaya_s09 gotta love people with baseless claims on things they've never even looked into or tried,2019-07-22 3:15:31,1,ai,Bz8uJMgHlHG,train,negative
1.7856541483466852e+16,46635498,_lorraineye_,android gang,2019-07-15 20:31:46,0,ai,Bz8uJMgHlHG,train,positive
1.8084849301035896e+16,2116272443,mahdijafari_n,I really want it🙁😍😃,2019-07-15 19:44:49,0,human,Bz8vBRcgdvo,train,positive
1.8006551575226576e+16,12527319140,_rajriley21_,DANG,2019-07-15 19:33:45,0,human,Bz8vBRcgdvo,train,positive
1.7842623613591452e+16,4790151024,steavyy,@poopdealerfn 🤡🤡🤡,2019-08-09 7:09:17,0,hybrid,B0AEfrCAvqh,train,positive
1.7842923529545032e+16,1561942695,ezeequiel_17,F,2019-07-17 2:33:14,0,hybrid,B0AEfrCAvqh,train,neutral
1.7843409733553028e+16,7478295366,hunny_.bee,@shanedawson,2019-07-22 4:53:12,0,ai,Bz8uJMgHlHG,train,neutral
1.7853523456478668e+16,7375441779,living__life0_0,@zelfa.elkhazen Oh; ok,2019-07-16 18:01:26,1,ai,Bz8uJMgHlHG,train,neutral
1.806603345111515e+16,2110200460,c4.connor,iphone gang,2019-07-19 18:57:13,2,hybrid,B0AEfrCAvqh,train,negative
1.8051161662179136e+16,4246689400,dasaniplayz._,It did come overnight,2019-07-16 11:55:04,1,human,Bz8vBRcgdvo,train,negative
1.7905186963338372e+16,10460187801,itzjus_caleb,I can flyy,2019-07-26 3:06:23,0,human,Bz8vBRcgdvo,train,neutral
1.7979311554263804e+16,8651859288,asiahmcdonaid,This inspired me to try a backflip.... now I’m laying down with a cast 😂💀,2019-07-16 0:01:35,0,human,Bz8vBRcgdvo,train,positive
1.7852144086485612e+16,4546363152,_._strudelcutie4427,#teamapple,2019-07-17 4:28:23,2,hybrid,Bz_0ntPnsyt,train,negative
1.7864786800441908e+16,12757632122,_doubleclick._,@shanedawson,2019-07-17 6:18:23,0,ai,Bz8uJMgHlHG,train,neutral
1.7842839841534952e+16,16259940444,izuku_bean_,Hi my brother needs help,2019-07-16 7:12:07,0,human,Bz8vBRcgdvo,train,neutral
1.78810958653818e+16,8260427867,fear.haste,I gues i am better than him,2019-07-15 19:24:14,0,human,Bz8vBRcgdvo,train,neutral
1.8051601198145544e+16,482688294,_dlo.02,🤡,2019-07-22 1:48:06,0,ai,Bz8uJMgHlHG,train,positive
1.8066704875102476e+16,322197483,drdavidtai,😂,2019-07-15 20:55:33,0,human,Bz85E6Lj5UY,train,positive
1.784202594754238e+16,12540901229,dannycas04,@_garyk8 Apple gives you overpriced and the same phone every year that gives you aids,2019-07-15 19:35:27,31,human,Bz8vBRcgdvo,train,positive
1.7843002300537256e+16,4249002570,mickquindazzi,Haha ninja games in commercial on iPhone 16,2019-07-17 3:07:31,0,hybrid,B0AEfrCAvqh,train,negative
1.784751512851193e+16,3409742475,danielvlk,In my eyes everyone that buy Apple products is just blind and stupid.,2019-07-15 21:40:26,1,human,Bz8vBRcgdvo,train,positive
1.7973272242274856e+16,4211238148,carsonkoh,@ninja #teamgalaxy,2019-07-16 7:58:18,0,human,Bz8vBRcgdvo,train,negative
1.80524622401334e+16,6002674970,a_hern2004,Who watches ninja or even fortnite???,2019-07-16 11:49:51,0,human,Bz8vBRcgdvo,train,negative
1.803069981421668e+16,145885783,thebrownleebunch,@domesticginger so weird,2019-09-28 0:46:22,0,ai,Bz8uJMgHlHG,train,negative
1.804038268016492e+16,1440828364,thecocoallen,@milliebobbybrown,2019-07-20 21:26:17,0,ai,Bz8uJMgHlHG,train,neutral
1.7893244680362016e+16,8164069391,avgcroissant,@appleisgarbage I have reasons for prefer if iOS/Apple devices,2019-07-16 18:18:05,0,human,Bz8vBRcgdvo,train,negative
1.7849218006498454e+16,3234516132,jack.l3e,Cringe,2019-07-17 1:10:10,0,human,Bz8vBRcgdvo,train,negative
1.8075692599079948e+16,6906148799,arielceballos__,@juangomez9_ @cigaretteaftersex_____,2019-07-18 11:18:12,0,hybrid,B0AEfrCAvqh,train,neutral
1.7905823965329764e+16,790648863,jancelccastro,@rynstrmbrn @xxperto anong say,2019-07-15 23:50:16,0,human,Bz8vBRcgdvo,train,neutral
1.806878235709624e+16,10800930756,shai.col,"@v.i.k.i.5.1.9.9.7 iphone is best, galaxy sux",2019-07-25 18:14:54,0,human,Bz8vBRcgdvo,train,negative
1.7903103463338324e+16,8602831573,appleisgarbage,"@exxotik_croissant They are significantly better tho. They're faster, have better displays, bigger batteries, more ram, and have way more features",2019-07-16 19:23:59,1,human,Bz8vBRcgdvo,train,positive
1.7898832306353432e+16,15047764409,fortlauderdale_jits,I think I’m better then tfue 😬 check the recent 😮,2019-07-17 2:29:17,1,hybrid,B0AEfrCAvqh,train,positive
1.8007041280233296e+16,6483103418,sofiaghirardii,@riderone79 yoo that's true,2019-07-16 11:24:35,1,human,Bz8vBRcgdvo,train,positive
1.7852107414488788e+16,15217849183,bigboyplastic,They really got a manikin on set,2019-07-17 5:02:41,0,hybrid,B0AEfrCAvqh,train,positive
1.8079184146066268e+16,7125973167,_alexjwalker,Ninja can we play Minecraft it’s always been my dream and I wanna have the opportunity to play Minecraft with you before I can’t anymore,2019-07-15 19:31:03,1,human,Bz8vBRcgdvo,train,positive
1.7948716891291196e+16,14175926953,fliper_4life_elijah,Another galaxy ad you doing good Tyler love you,2019-07-15 19:39:41,0,human,Bz8vBRcgdvo,train,positive
1.8078945628065972e+16,7681048154,the_aito_apina,S,2019-07-15 19:31:24,0,human,Bz8vBRcgdvo,train,neutral
1.785703614446412e+16,7273360540,ningsflower,@lilywithluvx nOt mINe,2019-07-17 18:09:17,1,hybrid,Bz_0ntPnsyt,train,negative
1.798720387625864e+16,15619833027,uzair_mavia_khan,NinJa  yOu aRe awesOme,2019-07-15 21:27:14,0,human,Bz8vBRcgdvo,train,positive
1.8016533100211452e+16,8682323744,pts.spam,Y’all really used a person who thinks she’s a human .. yeah ok bud y’all a 🤡.,2019-07-19 0:00:24,1,hybrid,Bz_0ntPnsyt,train,negative
1.8049646182148504e+16,3928203077,mathew.musich,Always nice to know you have the same phone as Ninja,2019-07-15 21:23:18,0,human,Bz8vBRcgdvo,train,positive
1.798203528726618e+16,8641517137,jelly_anchiyasiri,"Aww,You guys are the universe!",2019-07-17 16:38:35,1,hybrid,B0AEfrCAvqh,train,positive
1.7910644143323296e+16,2252066331,arwi.n,@marveltruefacts Yeah,2019-07-16 20:18:24,1,human,Bz8vBRcgdvo,train,positive
1.808388565002377e+16,7435887797,bar1itos,@____alex_m first learn how to roast then talk to me,2019-07-16 1:32:32,0,human,Bz8vBRcgdvo,train,negative
1.7851752838496354e+16,187786745,luisgmzc_,@eduardopena10,2019-07-19 7:38:24,1,hybrid,B0AEfrCAvqh,train,neutral
1.7855457853474076e+16,8319091874,argjendx_,@apple #teamapple,2019-07-18 13:10:29,1,hybrid,B0AEfrCAvqh,train,neutral
1.8006568660239486e+16,2268625728,eash.patel,@danleonard_ 🤡. Our company doesn't slow down our phones whenever a new one comes out.🤡🤡🤡🤡🤡,2019-07-16 20:02:24,0,human,Bz8vBRcgdvo,train,positive
1.7871286408421824e+16,7161230022,_austin__perkins_,Galaxy=gay Lmao,2019-07-21 23:33:09,0,human,Bz8vBRcgdvo,train,negative
1.808265654706228e+16,3552243977,facu_mayerr,Fachero el steve,2019-07-15 21:20:23,0,human,Bz85E6Lj5UY,train,neutral
1.7875233040394778e+16,4764190362,makkahmo,Many 💴💦,2019-07-15 20:35:42,0,human,Bz8vBRcgdvo,train,neutral
1.7851877665487412e+16,4371387459,abaayaro,🔥🔥🔥,2019-07-15 22:49:26,0,human,Bz85E6Lj5UY,train,positive
1.7857469878463004e+16,29309744,kelkellovee,Eeewwwwww,2019-07-16 18:11:00,0,ai,Bz8uJMgHlHG,train,negative
1.8016396312213144e+16,5696461695,nerpahyt,This ad was sick,2019-07-15 20:38:16,3,human,Bz8vBRcgdvo,train,positive
1.7855428114468434e+16,1412360156,rainingsour,we love a nonexistent robot 🤗🤭,2019-07-17 4:32:33,5,hybrid,Bz_0ntPnsyt,train,positive
1.7845599907522124e+16,3910573017,antyflo,@danny592085 My co worker phone is the same cant tell me shit😂,2019-07-15 20:24:19,0,human,Bz8vBRcgdvo,train,positive
1.7859960589455526e+16,7401165006,poetryofrev,@100k.xylo no one because fortnite is dead dude,2019-07-17 3:01:06,0,hybrid,B0AEfrCAvqh,train,negative
1.7980390561263224e+16,15678020060,marjorylovos,@daddieeve she's a robot!?!,2019-07-22 15:30:10,1,ai,Bz8uJMgHlHG,train,negative
1.8040976044198772e+16,9992183916,urfavouriteoniisama,Rip,2019-07-25 10:05:36,1,human,Bz8vBRcgdvo,train,negative
1.8020151769206612e+16,3222513106,matjko,Trash bot,2019-07-16 8:57:11,0,human,Bz8vBRcgdvo,train,negative
1.8041502325175496e+16,334858055,just.4.justincase,I’m not seeing enough movement.,2019-07-15 19:40:51,0,human,Bz8vBRcgdvo,train,negative
1.7852426104476914e+16,3081942195,redzabukanrosli,Samsung = planned obsolescence at its best,2019-07-16 15:51:32,0,human,Bz8vBRcgdvo,train,negative
1.7842751380559212e+16,2117926518,vectorstreams,What are you 😭 I must know 😂,2019-07-22 1:36:23,3,ai,Bz8uJMgHlHG,train,negative
1.8050421298148624e+16,9547890105,marriforchrist,"Commercials are so cringy, I wonder if anyone has ever seen their own commercial and hates it😂",2019-07-17 13:34:28,0,human,Bz8vBRcgdvo,train,negative
1.8084293527001824e+16,4138096620,zerep56000,@oscar_krijnen like iif ninja's sponsorship's are full of ligma,2019-07-16 17:12:57,1,human,Bz8vBRcgdvo,train,negative
1.7875002898420108e+16,1015455089,monty_villalta,@daysirecinos,2019-08-02 20:38:55,2,hybrid,B0AEfrCAvqh,train,neutral
1.7870500897425244e+16,5676858964,amaya.sonubi,"@am_throckmorton can i borrow your camera? oh wait, my phone came with one that actually works",2019-07-21 22:30:23,3,ai,Bz8uJMgHlHG,train,negative
1.8060811882138024e+16,55147102,endreseen,"@colewalliser ah, thought I saw some glamBOT in there! Was awesome as always👌🏾",2019-08-02 3:18:50,0,hybrid,B0AEfrCAvqh,train,positive
1.7873811322408792e+16,2085019579,sebxisa,#TeamApple,2019-07-16 0:26:37,1,human,Bz8vBRcgdvo,train,negative
1.786208699844376e+16,14660001104,yaboilukey.g,@jakecampa if u like fruit,2019-07-17 23:44:27,1,hybrid,B0AEfrCAvqh,train,negative
1.8056957458080076e+16,5906781320,evelyn.andrus,@shanedawson,2019-07-17 0:09:55,0,ai,Bz8uJMgHlHG,train,neutral
1.7964880228284144e+16,1729297250,thatoneuselessplate,"@luimc7901 at least we dont have a screen that cracks like a thin piece of ice, you cant even touch an Iphone without touching it",2019-07-20 18:51:24,0,ai,Bz8uJMgHlHG,train,positive
1.784246143954692e+16,516110883,felipefbezerra,That’s why you should never buy a galaxy phone,2019-07-15 22:05:04,0,human,Bz8vBRcgdvo,train,negative
1.7889586369370738e+16,4033476051,alex.houba,@0_ipango_0 it’s dutch,2019-07-16 11:40:28,2,human,Bz8vBRcgdvo,train,neutral
1.808513401302571e+16,7723089469,ingeborgbleken,Waiting for @izadi to comment😂,2019-07-15 19:49:11,0,human,Bz8vBRcgdvo,train,positive
1.7871976486414298e+16,6035841844,__abdul__sy,Not A single fuck is given,2019-07-15 19:29:09,2,human,Bz8vBRcgdvo,train,negative
1.7872503904414916e+16,8463702839,conrad_nf,"I've been begging my dad for a PS4 for the past 5 years but I still can't get him to buy me one. @samsungmobile says #DoWhatYouCant ,maybe you'll can fulfill my wish for me???? I'm only 14.",2019-07-18 11:08:00,0,hybrid,B0AEfrCAvqh,train,positive
