category,average_like_rate,median_like_rate
gaming,7.656606549419894,7.0829929381126835
high_speed_science,6.384033650643473,6.398392745798585
education_howto,6.344071283602778,6.23535469351698
animals_pets,4.836207959425961,4.572659803686856
animation_edu,4.569633948896711,4.673025826845318
asmr,3.682745095218619,3.572785163668864
tech_review,3.6486650506123386,3.6986251089498574
dance,3.09451691813213,3.0684050606766915
cooking_food,3.033872097413228,2.9002937833188986
music_performance,2.957292821428961,2.7880512091038407
fitness,2.8413996404818724,2.548788099236541
travel_adventure,2.5219233703452244,2.5199820162022544
beauty_fashion,2.3597653652889337,2.1844438611117845
challenge_stunts,1.9510426181989171,1.9893518909151582
nature_wildlife,1.846996420045145,1.7448878590853303
sports_trick_shots,1.7736939785776937,1.7347639896732194
comedy_sketch,1.582108265821377,1.4682663815757802
vfx_magic,1.4901448628751999,1.452957024966182
diy_crafts,0.7922106656074116,0.7489740785580742
