category,video_count,percentage
beauty_fashion,40,5.865102639296188
comedy_sketch,40,5.865102639296188
cooking_food,40,5.865102639296188
animation_edu,40,5.865102639296188
dance,40,5.865102639296188
vfx_magic,40,5.865102639296188
travel_adventure,40,5.865102639296188
sports_trick_shots,40,5.865102639296188
nature_wildlife,40,5.865102639296188
diy_crafts,40,5.865102639296188
high_speed_science,40,5.865102639296188
challenge_stunts,40,5.865102639296188
education_howto,40,5.865102639296188
tech_review,40,5.865102639296188
asmr,35,5.131964809384164
animals_pets,33,4.838709677419355
music_performance,25,3.6656891495601176
fitness,24,3.519061583577713
gaming,5,0.7331378299120235
