category,video_count,total_views,average_views,median_views,total_likes,average_likes,median_likes
challenge_stunts,40,10579473507,264486837.675,111338895.0,121397963.0,3034949.075,2327328.5
high_speed_science,40,1192586291,29814657.275,18486444.0,69910381.0,1747759.525,1192165.5
sports_trick_shots,40,662084919,16552122.975,1170850.5,9780922.0,244523.05,21104.5
education_howto,40,598560744,14964018.6,14097251.5,37170397.0,929259.925,905919.0
dance,40,472958260,11823956.5,3358214.5,13871611.0,346790.275,76690.0
comedy_sketch,40,382685736,9567143.4,3515687.5,5640397.0,141009.925,46372.5
gaming,5,36450860,7290172.0,5628902.0,2835513.0,567102.6,554110.0
tech_review,40,226050066,5651251.65,3578171.5,7552621.0,193656.94871794872,139268.0
vfx_magic,40,178020819,4450520.475,2064281.0,1960989.0,49024.725,29080.5
cooking_food,40,45793474,1144836.85,521975.5,1477565.0,36939.125,17817.0
beauty_fashion,40,37838564,945964.1,399883.0,842779.0,21069.475,9208.5
fitness,24,22096394,920683.0833333334,764075.0,702330.0,29263.75,21382.0
travel_adventure,40,29784412,744610.3,189766.0,653298.0,16332.45,5228.0
diy_crafts,40,17123245,428081.125,384941.5,132900.0,3322.5,3103.5
asmr,35,4994085,142688.14285714287,116452.0,180862.0,5167.4857142857145,4839.0
music_performance,25,1575360,63014.4,46223.0,50941.0,2037.64,1469.0
animation_edu,40,2284506,57112.65,23773.5,87682.0,2192.05,1059.5
nature_wildlife,40,1669473,41736.825,26720.0,22730.0,568.25,498.0
animals_pets,33,199746,6052.909090909091,4873.0,8294.0,251.33333333333334,214.0
